/*
Navicat SQL Server Data Transfer

Source Server         : localhost - sqlserver
Source Server Version : 110000
Source Host           : localhost:1433
Source Database       : AlluringDecors
Source Schema         : dbo

Target Server Type    : SQL Server
Target Server Version : 110000
File Encoding         : 65001

Date: 2015-10-23 08:59:30
*/

CREATE DATABASE AlluringDecors
GO

USE AlluringDecors
GO

-- ----------------------------
-- Table structure for Admin
-- ----------------------------
--DROP TABLE [dbo].[Admin]
GO
CREATE TABLE [dbo].[Admin] (
[AdminID] int NOT NULL IDENTITY(1,1) ,
[Username] varchar(30) NOT NULL ,
[Password] varchar(30) NOT NULL 
)


GO

-- ----------------------------
-- Records of Admin
-- ----------------------------
SET IDENTITY_INSERT [dbo].[Admin] ON
GO
INSERT INTO [dbo].[Admin] ([AdminID], [Username], [Password]) VALUES (N'1', N'Admin', N'123')
GO
GO
SET IDENTITY_INSERT [dbo].[Admin] OFF
GO

-- ----------------------------
-- Table structure for BillDetails
-- ----------------------------
--DROP TABLE [dbo].[BillDetails]
GO
CREATE TABLE [dbo].[BillDetails] (
[DetailID] int NOT NULL IDENTITY(1,1) ,
[BillID] int NOT NULL ,
[ServiceID] int NOT NULL ,
[Quantity] int NULL ,
[Price] money NULL ,
[Status] smallint NULL 
)


GO
DBCC CHECKIDENT(N'[dbo].[BillDetails]', RESEED, 13)
GO

-- ----------------------------
-- Records of BillDetails
-- ----------------------------
SET IDENTITY_INSERT [dbo].[BillDetails] ON
GO
INSERT INTO [dbo].[BillDetails] ([DetailID], [BillID], [ServiceID], [Quantity], [Price], [Status]) VALUES (N'1', N'1', N'3', N'10', N'12000000.0000', N'0')
GO
GO
INSERT INTO [dbo].[BillDetails] ([DetailID], [BillID], [ServiceID], [Quantity], [Price], [Status]) VALUES (N'2', N'1', N'7', N'3', N'8100000.0000', N'0')
GO
GO
INSERT INTO [dbo].[BillDetails] ([DetailID], [BillID], [ServiceID], [Quantity], [Price], [Status]) VALUES (N'3', N'2', N'1', N'3', N'1200000.0000', N'0')
GO
GO
INSERT INTO [dbo].[BillDetails] ([DetailID], [BillID], [ServiceID], [Quantity], [Price], [Status]) VALUES (N'4', N'3', N'1', N'1', N'400000.0000', N'0')
GO
GO
INSERT INTO [dbo].[BillDetails] ([DetailID], [BillID], [ServiceID], [Quantity], [Price], [Status]) VALUES (N'5', N'3', N'2', N'2', N'1600000.0000', N'0')
GO
GO
INSERT INTO [dbo].[BillDetails] ([DetailID], [BillID], [ServiceID], [Quantity], [Price], [Status]) VALUES (N'6', N'3', N'3', N'3', N'3600000.0000', N'0')
GO
GO
INSERT INTO [dbo].[BillDetails] ([DetailID], [BillID], [ServiceID], [Quantity], [Price], [Status]) VALUES (N'7', N'3', N'4', N'4', N'16000000.0000', N'0')
GO
GO
INSERT INTO [dbo].[BillDetails] ([DetailID], [BillID], [ServiceID], [Quantity], [Price], [Status]) VALUES (N'8', N'4', N'7', N'1', N'2700000.0000', N'0')
GO
GO
INSERT INTO [dbo].[BillDetails] ([DetailID], [BillID], [ServiceID], [Quantity], [Price], [Status]) VALUES (N'9', N'5', N'1', N'1', N'400000.0000', N'0')
GO
GO
INSERT INTO [dbo].[BillDetails] ([DetailID], [BillID], [ServiceID], [Quantity], [Price], [Status]) VALUES (N'10', N'5', N'2', N'1', N'800000.0000', N'0')
GO
GO
INSERT INTO [dbo].[BillDetails] ([DetailID], [BillID], [ServiceID], [Quantity], [Price], [Status]) VALUES (N'11', N'5', N'3', N'1', N'1200000.0000', N'0')
GO
GO
INSERT INTO [dbo].[BillDetails] ([DetailID], [BillID], [ServiceID], [Quantity], [Price], [Status]) VALUES (N'12', N'5', N'4', N'1', N'4000000.0000', N'0')
GO
GO
INSERT INTO [dbo].[BillDetails] ([DetailID], [BillID], [ServiceID], [Quantity], [Price], [Status]) VALUES (N'13', N'6', N'1', N'1', N'400000.0000', N'0')
GO
GO
SET IDENTITY_INSERT [dbo].[BillDetails] OFF
GO

-- ----------------------------
-- Table structure for Bills
-- ----------------------------
--DROP TABLE [dbo].[Bills]
GO
CREATE TABLE [dbo].[Bills] (
[BillID] int NOT NULL IDENTITY(1,1) ,
[TotalPrice] money NULL ,
[RecipientName] nvarchar(60) NULL ,
[RecipientAddress] nvarchar(150) NULL ,
[OrderTime] datetime NULL ,
[ContactNumber] varchar(11) NULL ,
[Note] ntext NULL ,
[UserID] int NOT NULL ,
[OrderStatus] smallint NULL 
)


GO
DBCC CHECKIDENT(N'[dbo].[Bills]', RESEED, 6)
GO

-- ----------------------------
-- Records of Bills
-- ----------------------------
SET IDENTITY_INSERT [dbo].[Bills] ON
GO
INSERT INTO [dbo].[Bills] ([BillID], [TotalPrice], [RecipientName], [RecipientAddress], [OrderTime], [ContactNumber], [Note], [UserID], [OrderStatus]) VALUES (N'1', N'20100000.0000', N'Le Duc Anh', N'Thanh Pho Ha Noi', N'2015-10-21 01:22:26.990', N'01685000113', N'HI, Xin chao', N'1', N'1')
GO
GO
INSERT INTO [dbo].[Bills] ([BillID], [TotalPrice], [RecipientName], [RecipientAddress], [OrderTime], [ContactNumber], [Note], [UserID], [OrderStatus]) VALUES (N'2', N'1200000.0000', N'Le Chi Dat', N'Thanh Pho Ha Noi', N'2015-10-21 05:52:56.203', N'0998756425', N'Le Chi Dat', N'2', N'0')
GO
GO
INSERT INTO [dbo].[Bills] ([BillID], [TotalPrice], [RecipientName], [RecipientAddress], [OrderTime], [ContactNumber], [Note], [UserID], [OrderStatus]) VALUES (N'3', N'21600000.0000', N'Nguyen Vo Thanh Huy', N'Thanh Pho Da Nang', N'2015-10-21 06:41:10.603', N'0123654789', N'Nguyen Vo Thanh Huy', N'2', N'0')
GO
GO
INSERT INTO [dbo].[Bills] ([BillID], [TotalPrice], [RecipientName], [RecipientAddress], [OrderTime], [ContactNumber], [Note], [UserID], [OrderStatus]) VALUES (N'4', N'2700000.0000', N'Nguyen Van Dinh', N'Ha Tinh', N'2015-10-22 01:50:25.883', N'0969777529', N'Nguyen Van Dinh', N'1', N'0')
GO
GO
INSERT INTO [dbo].[Bills] ([BillID], [TotalPrice], [RecipientName], [RecipientAddress], [OrderTime], [ContactNumber], [Note], [UserID], [OrderStatus]) VALUES (N'5', N'6400000.0000', N'Nguyen Chi Truc', N'Thanh Pho Ho Chi Minh', N'2015-10-22 02:07:34.417', N'0969777529', N'Nguyen Chi Truc', N'1', N'0')
GO
GO
INSERT INTO [dbo].[Bills] ([BillID], [TotalPrice], [RecipientName], [RecipientAddress], [OrderTime], [ContactNumber], [Note], [UserID], [OrderStatus]) VALUES (N'6', N'400000.0000', N'Nguyen Van Dinh', N'Ha Tinh', N'2015-10-22 11:25:40.627', N'0969777529', N'Nguyen Van Dinh', N'3', N'0')
GO
GO
SET IDENTITY_INSERT [dbo].[Bills] OFF
GO

-- ----------------------------
-- Table structure for Domains
-- ----------------------------
--DROP TABLE [dbo].[Domains]
GO
CREATE TABLE [dbo].[Domains] (
[DomainID] int NOT NULL IDENTITY(1,1) ,
[DomainName] nvarchar(100) NOT NULL ,
[DomainDescription] ntext NOT NULL ,
[Status] bit NULL 
)


GO
DBCC CHECKIDENT(N'[dbo].[Domains]', RESEED, 7)
GO

-- ----------------------------
-- Records of Domains
-- ----------------------------
SET IDENTITY_INSERT [dbo].[Domains] ON
GO
INSERT INTO [dbo].[Domains] ([DomainID], [DomainName], [DomainDescription], [Status]) VALUES (N'1', N'Decorating the House', N'Decorating the House ', N'1')
GO
GO
INSERT INTO [dbo].[Domains] ([DomainID], [DomainName], [DomainDescription], [Status]) VALUES (N'2', N'Decorating the Offices ', N'Decorating the Offices ', N'1')
GO
GO
INSERT INTO [dbo].[Domains] ([DomainID], [DomainName], [DomainDescription], [Status]) VALUES (N'3', N'Decoration the Restaurants', N'Decoration the Restaurants', N'1')
GO
GO
INSERT INTO [dbo].[Domains] ([DomainID], [DomainName], [DomainDescription], [Status]) VALUES (N'4', N'Decoration The Community Halls', N'Decoration The Community Halls', N'1')
GO
GO
SET IDENTITY_INSERT [dbo].[Domains] OFF
GO

-- ----------------------------
-- Table structure for FAQ
-- ----------------------------
--DROP TABLE [dbo].[FAQ]
GO
CREATE TABLE [dbo].[FAQ] (
[ID] int NOT NULL IDENTITY(1,1) ,
[Title] nvarchar(400) NULL ,
[Detail] ntext NULL 
)


GO
DBCC CHECKIDENT(N'[dbo].[FAQ]', RESEED, 7)
GO

-- ----------------------------
-- Records of FAQ
-- ----------------------------
SET IDENTITY_INSERT [dbo].[FAQ] ON
GO
INSERT INTO [dbo].[FAQ] ([ID], [Title], [Detail]) VALUES (N'1', N'I am not a registered user? Will I be able to apply for the service?', N'No, only the registered users will be able to apply for the service')
GO
GO
INSERT INTO [dbo].[FAQ] ([ID], [Title], [Detail]) VALUES (N'2', N'I reside at a location âXâ, will I be provided with the service?', N'First you must apply for the service mentioning the service and the domain interested in, and the address at which you want the service to be provided. Then we will get back to you whether we will provide the service at that location or not')
GO
GO
INSERT INTO [dbo].[FAQ] ([ID], [Title], [Detail]) VALUES (N'3', N'Will I be provided in any other services apart from the services and domains displayed? And if yes, what will be the charges?', N'Well it will be dependant on the type of the service and the domain you requested. We will revert back to you once the service request is received by us. The charges will be based on the service and the domain you preferred. This will be communicated well in advance before accepting and going ahead with the service')
GO
GO
INSERT INTO [dbo].[FAQ] ([ID], [Title], [Detail]) VALUES (N'4', N'How will I know that whether you will provide the service or not? If yes, then when will the service provided?', N'Once the service request is received, we will get back to you like whether we provide the service or not, and if we provide service we will inform when the service will be started.
ix)	How long will it take to complete the service?
Ans: Well this will be dependant on the service and domain preferred. Also it will be dependant on the work or building or complex, etc. for which the services are preferred for')
GO
GO
INSERT INTO [dbo].[FAQ] ([ID], [Title], [Detail]) VALUES (N'6', N'How will I know about the total charges for the service preferred?', N'At the time of booking for a service itself, you can find the charges for the service provided')
GO
GO
INSERT INTO [dbo].[FAQ] ([ID], [Title], [Detail]) VALUES (N'7', N'On what factors will the charges for the service depend upon ?', N'The charges will be dependant on the type of the domain, and type of the service, area on which the services are preferred')
GO
GO
SET IDENTITY_INSERT [dbo].[FAQ] OFF
GO

-- ----------------------------
-- Table structure for Feedbacks
-- ----------------------------
--DROP TABLE [dbo].[Feedbacks]
GO
CREATE TABLE [dbo].[Feedbacks] (
[FeedbackID] int NOT NULL IDENTITY(1,1) ,
[Fullname] nvarchar(60) NOT NULL ,
[Email] varchar(100) NOT NULL ,
[Detail] ntext NOT NULL ,
[Status] bit NULL 
)


GO
DBCC CHECKIDENT(N'[dbo].[Feedbacks]', RESEED, 5)
GO

-- ----------------------------
-- Records of Feedbacks
-- ----------------------------
SET IDENTITY_INSERT [dbo].[Feedbacks] ON
GO
INSERT INTO [dbo].[Feedbacks] ([FeedbackID], [Fullname], [Email], [Detail], [Status]) VALUES (N'1', N'Duc Anh', N'DucAnh@gmail.com', N'Duc Anh', N'1')
GO
GO
INSERT INTO [dbo].[Feedbacks] ([FeedbackID], [Fullname], [Email], [Detail], [Status]) VALUES (N'3', N'Chi Dat', N'ChiDat@gmail.com', N'Xin chào các bạn', N'1')
GO
GO
SET IDENTITY_INSERT [dbo].[Feedbacks] OFF
GO

-- ----------------------------
-- Table structure for Images
-- ----------------------------
--DROP TABLE [dbo].[Images]
GO
CREATE TABLE [dbo].[Images] (
[ImageID] int NOT NULL IDENTITY(1,1) ,
[ImageTitle] varchar(100) NULL ,
[ProjectID] int NOT NULL ,
[ImageUrl] varchar(200) NULL 
)


GO
DBCC CHECKIDENT(N'[dbo].[Images]', RESEED, 53)
GO

-- ----------------------------
-- Records of Images
-- ----------------------------
SET IDENTITY_INSERT [dbo].[Images] ON
GO
INSERT INTO [dbo].[Images] ([ImageID], [ImageTitle], [ProjectID], [ImageUrl]) VALUES (N'1', N'District 3 Home Decoration', N'9', N'den-trang-tri-quan-pho-12.jpg')
GO
GO
INSERT INTO [dbo].[Images] ([ImageID], [ImageTitle], [ProjectID], [ImageUrl]) VALUES (N'2', N'District 3 Home Decoration', N'9', N'nha-ong2.jpg')
GO
GO
INSERT INTO [dbo].[Images] ([ImageID], [ImageTitle], [ProjectID], [ImageUrl]) VALUES (N'3', N'District 3 Home Decoration', N'9', N'noi-that-nha-ong3.jpg')
GO
GO
INSERT INTO [dbo].[Images] ([ImageID], [ImageTitle], [ProjectID], [ImageUrl]) VALUES (N'4', N'District 3 Home Decoration', N'9', N'thiet-ke-website-noi-that.jpg')
GO
GO
INSERT INTO [dbo].[Images] ([ImageID], [ImageTitle], [ProjectID], [ImageUrl]) VALUES (N'5', N'Go Vap Floor Decoration', N'10', N'Decoration-on-floor-with-coloure-powders.jpeg')
GO
GO
INSERT INTO [dbo].[Images] ([ImageID], [ImageTitle], [ProjectID], [ImageUrl]) VALUES (N'6', N'Go Vap Floor Decoration', N'10', N'decoration-wall-and-floor-tile-stone-waterjet-med-p208989-1b.jpg')
GO
GO
INSERT INTO [dbo].[Images] ([ImageID], [ImageTitle], [ProjectID], [ImageUrl]) VALUES (N'7', N'Go Vap Floor Decoration', N'10', N'Floor_decoration-1.jpg')
GO
GO
INSERT INTO [dbo].[Images] ([ImageID], [ImageTitle], [ProjectID], [ImageUrl]) VALUES (N'8', N'Go Vap Floor Decoration', N'10', N'floor-decoration-vinyl-tape-colorful-patterns-4.jpg')
GO
GO
INSERT INTO [dbo].[Images] ([ImageID], [ImageTitle], [ProjectID], [ImageUrl]) VALUES (N'9', N'Go Vap Floor Decoration', N'10', N'Tape-Art-on-Floors-02-634x404.jpg')
GO
GO
INSERT INTO [dbo].[Images] ([ImageID], [ImageTitle], [ProjectID], [ImageUrl]) VALUES (N'26', N'Binh Thanh Wedding Decoration', N'8', N'ban-tiec-cuoi.jpg')
GO
GO
INSERT INTO [dbo].[Images] ([ImageID], [ImageTitle], [ProjectID], [ImageUrl]) VALUES (N'27', N'Binh Thanh Wedding Decoration', N'8', N'download.jpg')
GO
GO
INSERT INTO [dbo].[Images] ([ImageID], [ImageTitle], [ProjectID], [ImageUrl]) VALUES (N'28', N'Binh Thanh Wedding Decoration', N'8', N'Trang-tri-ban-don-khac-dam-cuoi8.jpg')
GO
GO
INSERT INTO [dbo].[Images] ([ImageID], [ImageTitle], [ProjectID], [ImageUrl]) VALUES (N'29', N'Ha Noi Glass Install', N'6', N'cua-thuy-luc-1-canh-11.jpg')
GO
GO
INSERT INTO [dbo].[Images] ([ImageID], [ImageTitle], [ProjectID], [ImageUrl]) VALUES (N'30', N'Ha Noi Glass Install', N'6', N'lap-dat-cua-kinh-thuy-luc_1.jpg')
GO
GO
INSERT INTO [dbo].[Images] ([ImageID], [ImageTitle], [ProjectID], [ImageUrl]) VALUES (N'31', N'Ha Noi Glass Install', N'6', N'trinh-tu-tien-hanh-lap-dat-kinh-tai-cong-trinh1.jpg')
GO
GO
INSERT INTO [dbo].[Images] ([ImageID], [ImageTitle], [ProjectID], [ImageUrl]) VALUES (N'32', N'District 3 Kitchen Decoration', N'7', N'48-image004.jpg')
GO
GO
INSERT INTO [dbo].[Images] ([ImageID], [ImageTitle], [ProjectID], [ImageUrl]) VALUES (N'34', N'District 3 Kitchen Decoration', N'7', N'bep-da-nang1.jpg')
GO
GO
INSERT INTO [dbo].[Images] ([ImageID], [ImageTitle], [ProjectID], [ImageUrl]) VALUES (N'35', N'District 3 Kitchen Decoration', N'7', N'cach--am-cung.jpg')
GO
GO
INSERT INTO [dbo].[Images] ([ImageID], [ImageTitle], [ProjectID], [ImageUrl]) VALUES (N'37', N'District 3 Kitchen Decoration', N'7', N'bep tuoi vui.jpg')
GO
GO
INSERT INTO [dbo].[Images] ([ImageID], [ImageTitle], [ProjectID], [ImageUrl]) VALUES (N'39', N'District 3 Kitchen Decoration', N'7', N'cach-trang-tri-nha-bep-am-cung.jpg')
GO
GO
INSERT INTO [dbo].[Images] ([ImageID], [ImageTitle], [ProjectID], [ImageUrl]) VALUES (N'40', N'District 1 Restaurent Decoration', N'4', N'den-trang-tri-nha-hang-5.jpg')
GO
GO
INSERT INTO [dbo].[Images] ([ImageID], [ImageTitle], [ProjectID], [ImageUrl]) VALUES (N'42', N'District 1 Restaurent Decoration', N'4', N'nha-hang-yosakoi-1378551410.36.jpg')
GO
GO
INSERT INTO [dbo].[Images] ([ImageID], [ImageTitle], [ProjectID], [ImageUrl]) VALUES (N'43', N'District 1 Restaurent Decoration', N'4', N'vach ngan trang tri 04.jpg')
GO
GO
SET IDENTITY_INSERT [dbo].[Images] OFF
GO

-- ----------------------------
-- Table structure for Projects
-- ----------------------------
--DROP TABLE [dbo].[Projects]
GO
CREATE TABLE [dbo].[Projects] (
[ProjectID] int NOT NULL IDENTITY(1,1) ,
[ProjectName] nvarchar(100) NULL ,
[StartDate] datetime NULL ,
[ProjectDetail] ntext NULL ,
[Status] smallint NULL ,
[ThumbImage] varchar(100) NULL ,
[ProjectPrice] money NULL ,
[BillID] int NULL ,
[UserID] int NULL ,
[DeliveryDate] datetime NULL 
)


GO
DBCC CHECKIDENT(N'[dbo].[Projects]', RESEED, 14)
GO

-- ----------------------------
-- Records of Projects
-- ----------------------------
SET IDENTITY_INSERT [dbo].[Projects] ON
GO
INSERT INTO [dbo].[Projects] ([ProjectID], [ProjectName], [StartDate], [ProjectDetail], [Status], [ThumbImage], [ProjectPrice], [BillID], [UserID], [DeliveryDate]) VALUES (N'4', N'District 1 Restaurent Decoration', N'2015-10-28 00:00:00.000', N'District 1 Restaurent Decoration', N'0', N'0.306830001334569843.jpg', N'20100000.0000', N'1', N'1', N'2015-06-10 00:00:00.000')
GO
GO
INSERT INTO [dbo].[Projects] ([ProjectID], [ProjectName], [StartDate], [ProjectDetail], [Status], [ThumbImage], [ProjectPrice], [BillID], [UserID], [DeliveryDate]) VALUES (N'5', N'District 3 Home Decoration', N'2015-10-13 00:00:00.000', N'District 3 Home Decoration', N'0', N'0a28_08_04.jpg', N'6400000.0000', N'5', N'1', N'2015-10-31 00:00:00.000')
GO
GO
INSERT INTO [dbo].[Projects] ([ProjectID], [ProjectName], [StartDate], [ProjectDetail], [Status], [ThumbImage], [ProjectPrice], [BillID], [UserID], [DeliveryDate]) VALUES (N'6', N'Ha Noi Glass Install', N'2015-10-28 00:00:00.000', N'Ha Noi Glass Install', N'1', N'mat-dung-nhom-kinh-cao-cap-707x350.jpg', N'20100000.0000', N'1', N'1', N'2015-06-10 00:00:00.000')
GO
GO
INSERT INTO [dbo].[Projects] ([ProjectID], [ProjectName], [StartDate], [ProjectDetail], [Status], [ThumbImage], [ProjectPrice], [BillID], [UserID], [DeliveryDate]) VALUES (N'7', N'District 3 Kitchen Decoration', N'2015-10-13 00:00:00.000', N'District 3 Kitchen Decoration', N'0', N'cach--am-cung.jpg', N'6400000.0000', N'5', N'1', N'2015-10-31 00:00:00.000')
GO
GO
INSERT INTO [dbo].[Projects] ([ProjectID], [ProjectName], [StartDate], [ProjectDetail], [Status], [ThumbImage], [ProjectPrice], [BillID], [UserID], [DeliveryDate]) VALUES (N'8', N'Binh Thanh Wedding Decoration', N'2015-10-13 00:00:00.000', N'Binh Thanh Wedding Decoration', N'1', N'trang-tri-dam-cuoi.jpg', N'6400000.0000', N'5', N'1', N'2015-10-31 00:00:00.000')
GO
GO
INSERT INTO [dbo].[Projects] ([ProjectID], [ProjectName], [StartDate], [ProjectDetail], [Status], [ThumbImage], [ProjectPrice], [BillID], [UserID], [DeliveryDate]) VALUES (N'9', N'District 3 Home Decoration', N'2015-10-13 00:00:00.000', N'District 3 Home Decoration', N'0', N'0a28_08_04.jpg', N'6400000.0000', N'5', N'1', N'2015-10-31 00:00:00.000')
GO
GO
INSERT INTO [dbo].[Projects] ([ProjectID], [ProjectName], [StartDate], [ProjectDetail], [Status], [ThumbImage], [ProjectPrice], [BillID], [UserID], [DeliveryDate]) VALUES (N'10', N'Go Vap Floor Decoration', N'2015-03-17 00:00:00.000', N'Go Vap Floor Decoration', N'2', N'Tape-Art-on-Floors-02-634x404.jpg', N'400000.0000', N'6', N'3', N'2015-11-27 00:00:00.000')
GO
GO
SET IDENTITY_INSERT [dbo].[Projects] OFF
GO

-- ----------------------------
-- Table structure for Services
-- ----------------------------
--DROP TABLE [dbo].[Services]
GO
CREATE TABLE [dbo].[Services] (
[ServiceID] int NOT NULL IDENTITY(1,1) ,
[ServiceName] nvarchar(100) NOT NULL ,
[ServiceDescription] ntext NOT NULL ,
[Status] bit NULL ,
[ServicePrice] money NOT NULL ,
[DomainID] int NOT NULL ,
[Image] varchar(300) NULL 
)


GO
DBCC CHECKIDENT(N'[dbo].[Services]', RESEED, 10)
GO

-- ----------------------------
-- Records of Services
-- ----------------------------
SET IDENTITY_INSERT [dbo].[Services] ON
GO
INSERT INTO [dbo].[Services] ([ServiceID], [ServiceName], [ServiceDescription], [Status], [ServicePrice], [DomainID], [Image]) VALUES (N'1', N'Living Room Decorations', N'Living Room Decorations', N'1', N'400000.0000', N'1', N'1.jpg')
GO
GO
INSERT INTO [dbo].[Services] ([ServiceID], [ServiceName], [ServiceDescription], [Status], [ServicePrice], [DomainID], [Image]) VALUES (N'2', N'Kitchen Decorations', N'Kitchen Decorations', N'1', N'800000.0000', N'3', N'2.jpg')
GO
GO
INSERT INTO [dbo].[Services] ([ServiceID], [ServiceName], [ServiceDescription], [Status], [ServicePrice], [DomainID], [Image]) VALUES (N'3', N'Bedroom Decorations', N'Bedroom Decorations', N'1', N'1200000.0000', N'1', N'3.jpg')
GO
GO
INSERT INTO [dbo].[Services] ([ServiceID], [ServiceName], [ServiceDescription], [Status], [ServicePrice], [DomainID], [Image]) VALUES (N'4', N'Garden Decorations', N'Garden Decorations', N'1', N'4000000.0000', N'4', N'4.jpg')
GO
GO
INSERT INTO [dbo].[Services] ([ServiceID], [ServiceName], [ServiceDescription], [Status], [ServicePrice], [DomainID], [Image]) VALUES (N'6', N'Floor Decorations', N'Floor Decorations', N'1', N'4700000.0000', N'2', N'5.png')
GO
GO
INSERT INTO [dbo].[Services] ([ServiceID], [ServiceName], [ServiceDescription], [Status], [ServicePrice], [DomainID], [Image]) VALUES (N'7', N'Install Glass Doors', N'Install Glass Doors', N'1', N'2700000.0000', N'4', N'6.jpg')
GO
GO
INSERT INTO [dbo].[Services] ([ServiceID], [ServiceName], [ServiceDescription], [Status], [ServicePrice], [DomainID], [Image]) VALUES (N'8', N'Install Roof', N'Install Roof', N'1', N'3000000.0000', N'3', N'7.jpg')
GO
GO
INSERT INTO [dbo].[Services] ([ServiceID], [ServiceName], [ServiceDescription], [Status], [ServicePrice], [DomainID], [Image]) VALUES (N'9', N'Bedroom Decorations', N'Bedroom Decorations', N'1', N'3000000.0000', N'1', N'8.jpg')
GO
GO
SET IDENTITY_INSERT [dbo].[Services] OFF
GO

-- ----------------------------
-- Table structure for sysdiagrams
-- ----------------------------
--DROP TABLE [dbo].[sysdiagrams]
GO
CREATE TABLE [dbo].[sysdiagrams] (
[name] sysname NOT NULL ,
[principal_id] int NOT NULL ,
[diagram_id] int NOT NULL IDENTITY(1,1) ,
[version] int NULL ,
[definition] varbinary(MAX) NULL 
)


GO
DBCC CHECKIDENT(N'[dbo].[sysdiagrams]', RESEED, 1005)
GO

-- ----------------------------
-- Records of sysdiagrams
-- ----------------------------
SET IDENTITY_INSERT [dbo].[sysdiagrams] ON
GO
INSERT INTO [dbo].[sysdiagrams] ([name], [principal_id], [diagram_id], [version], [definition]) VALUES (N'Project 4', N'1', N'1005', N'1', 0xD0CF11E0A1B11AE1000000000000000000000000000000003E000300FEFF0900060000000000000000000000010000000100000000000000001000000200000001000000FEFFFFFF0000000000000000FFFFFFFFFFFFFFFFFFFFFFFFFFFFFFFFFFFFFFFFFFFFFFFFFFFFFFFFFFFFFFFFFFFFFFFFFFFFFFFFFFFFFFFFFFFFFFFFFFFFFFFFFFFFFFFFFFFFFFFFFFFFFFFFFFFFFFFFFFFFFFFFFFFFFFFFFFFFFFFFFFFFFFFFFFFFFFFFFFFFFFFFFFFFFFFFFFFFFFFFFFFFFFFFFFFFFFFFFFFFFFFFFFFFFFFFFFFFFFFFFFFFFFFFFFFFFFFFFFFFFFFFFFFFFFFFFFFFFFFFFFFFFFFFFFFFFFFFFFFFFFFFFFFFFFFFFFFFFFFFFFFFFFFFFFFFFFFFFFFFFFFFFFFFFFFFFFFFFFFFFFFFFFFFFFFFFFFFFFFFFFFFFFFFFFFFFFFFFFFFFFFFFFFFFFFFFFFFFFFFFFFFFFFFFFFFFFFFFFFFFFFFFFFFFFFFFFFFFFFFFFFFFFFFFFFFFFFFFFFFFFFFFFFFFFFFFFFFFFFFFFFFFFFFFFFFFFFFFFFFFFFFFFFFFFFFFFFFFFFFFFFFFFFFFFFFFFFFFFFFFFFFFFFFFFFFFFFFFFFFFFFFFFFFFFFFFFFFFFFFFFFFFFFFFFFFFFFFFFFFFFFFFFFFFFFFFFFFFFFFFFFFFFFFFFFFFFFFFFFFFFFFFFFFFFFFFFFFFFFFFFFFFFFFFFFFFFFFFFFFFFFFFFFFFFFFFFFFFFFFFFFFFFFFFFFFFFFFFFFFFFFFFFFFFFFFFFFFFFFFFFFFFFFFFFFFFFFFFFFFFFFFFFFFFFFFFFFFFFFFFFFFFFFFFFFFFFFFFFFFFFFFFFFFFFFFFFFFFFFFFFFFFFFFFFFFFFFFFFFFFFFFFDFFFFFF17000000FEFFFFFF0400000005000000060000002500000008000000090000000A0000000B0000000C0000000D0000000E0000000F00000010000000110000001200000013000000140000001500000016000000FEFFFFFFFEFFFFFF190000001A0000001B0000001C0000001D0000001E0000001F0000002000000021000000220000002300000024000000FEFFFFFF2600000027000000FEFFFFFFFFFFFFFFFFFFFFFFFFFFFFFFFFFFFFFFFFFFFFFFFFFFFFFFFFFFFFFFFFFFFFFFFFFFFFFFFFFFFFFFFFFFFFFFFFFFFFFFFFFFFFFFFFFFFFFFFFFFFFFFFFFFFFFFFFFFFFFFFFFFFFFFFFFFFFFFFFFFFFFFFFFFFFFFFFFFFFFFFFFFFFFFFFFFFFFFFFFFFFFFFFFFFFFFFFFFFFFFFFFFFFFFFFFFFFFFFFFFFFFFFFFFFFFFFFFFFFFFFFFFFFFFFFFFFFFFFFFFFFFFFFFFFFFFFFFFFFFFFFFFFFFFFFFFFFFFFFFFFFFFFFFFFFFFFFFFFFFFFFFFFFFFFFFFFFFFFFFFFFFFFFFFFFFFFFFFFFFFFFFFFFFFFFFFFFFFFFFFFFFFFFFFFFFFFFFFFFFFFFFFFFFFFFFFFFFFFFFFFFFFFFFFFFFFFFFFFFFFFFFFFFFFFFFFFFFFFFFFFFFFFFFFFFFFFFFFFFFFFFFFFFFFFFFFFFFFFFFFFFFFFFFFFFFFFFFFFFFFFFFFFFFFFFFFFFFFFFFFFFFFFFFFFFFFFFFFFFFFFFFFFFFFFFFFFFFFFFFFFFFFFFFFFFFFFFFFFFFFFFFFFFFFFFFFFFFFFFFFFFFFFFFFFFFFFFFFFFFFFFFFFFFFFFFFFFFFFFFFFFFFFFFFFFFFFFFFFFFFFFFFFFFF52006F006F007400200045006E00740072007900000000000000000000000000000000000000000000000000000000000000000000000000000000000000000016000500FFFFFFFFFFFFFFFF0200000000000000000000000000000000000000000000000000000000000000701242DD9108D10103000000400C0000000000006600000000000000000000000000000000000000000000000000000000000000000000000000000000000000000000000000000000000000000000000000000004000201FFFFFFFFFFFFFFFFFFFFFFFF0000000000000000000000000000000000000000000000000000000000000000000000000000000046070000000000006F000000000000000000000000000000000000000000000000000000000000000000000000000000000000000000000000000000000000000000000000000000040002010100000004000000FFFFFFFF00000000000000000000000000000000000000000000000000000000000000000000000007000000FD1E000000000000010043006F006D0070004F0062006A0000000000000000000000000000000000000000000000000000000000000000000000000000000000000000000000000012000201FFFFFFFFFFFFFFFFFFFFFFFF0000000000000000000000000000000000000000000000000000000000000000000000001E0000005F000000000000000100000002000000030000000400000005000000060000000700000008000000090000000A0000000B0000000C0000000D0000000E0000000F000000100000001100000012000000130000001400000015000000160000001700000018000000190000001A0000001B0000001C0000001D000000FEFFFFFF1F000000FEFFFFFFFEFFFFFF22000000230000002400000025000000260000002700000028000000290000002A0000002B0000002C0000002D0000002E0000002F000000FEFFFFFFFEFFFFFFFFFFFFFFFFFFFFFFFFFFFFFFFFFFFFFFFFFFFFFFFFFFFFFFFFFFFFFFFFFFFFFFFFFFFFFFFFFFFFFFFFFFFFFFFFFFFFFFFFFFFFFFFFFFFFFFFFFFFFFFFFFFFFFFFFFFFFFFFFFFFFFFFFFFFFFFFFFFFFFFFFFFFFFFFFFFFFFFFFFFFFFFFFFFFFFFFFFFFFFFFFFFFFFFFFFFFFFFFFFFFFFFFFFFFFFFFFFFFFFFFFFFFFFFFFFFFFFFFFFFFFFFFFFFFFFFFFFFFFFFFFFFFFFFFFFFFFFFFFFFFFFFFFFFFFFFFFFFFFFFFFFFFFFFFFFFFFFFFFFFFFFFFFFFFFFFFFFFFFFFFFFFFFFFFFFFFFFFFFFFFFFFFFFFFFFFFFFFFFFFFFFFFFFFFFFFFFFFFFFFFFFFFFFFFFFFFFFFFFFFFFFFFFFFFFFFFFFFFFFFFFFFFFFFFFFFFFFFFFFFFFFFFFFFFFFFFFFFFFFFFFFFFFFFFFFFFFFFFFFFFFFFFFFFFFFFFFFFFFFFFFFFFFFFFFFFFFFFFFFFFFFFFFFFFFFFFFFFFFFFFFFFFFFFFFFFFFFFFFFFFFFFFFFFFFFFFFFFFFFFFFFFFFFFFFFF000434000A1E500C05000080180000000F00FFFF5000000018000000007D0000226E0000CB440000798D00002075000073F2FFFFDA0E0000DE805B10F195D011B0A000AA00BDCB5C000008003000000000020000030000003C006B0000000900000000000000D9E6B0E91C81D011AD5100A0C90F5739F43B7F847F61C74385352986E1D552F8A0327DB2D86295428D98273C25A2DA2D00002800430000000000000053444DD2011FD1118E63006097D2DF4834C9D2777977D811907000065B840D9C00002800430000000000000051444DD2011FD1118E63006097D2DF4834C9D2777977D811907000065B840D9C18000000500600000098010000003000A509000007000080010000009C02000000800000050000805363684772696400FC210000C012000041646D696E69640000003400A50900000700008002000000A8020000008000000B0000805363684772696400FC210000D020000042696C6C44657461696C730000003000A509000007000080030000009C02000000800000050000805363684772696400000000009411000042696C6C7369640000007000A50900000700008004000000520000000180000045000080436F6E74726F6C005D1A0000CF1F000052656C6174696F6E736869702027464B5F42696C6C44657461696C735F42696C6C7327206265747765656E202742696C6C732720616E64202742696C6C44657461696C732700000000002800B50100000700008005000000310000005B00000002800000436F6E74726F6C00131A00001522000000003000A50900000700008006000000A002000000800000070000805363684772696400364200000A410000446F6D61696E730000003400A50900000700008007000000A402000000800000090000805363684772696400CC42000082140000466565646261636B7300000000003000A509000007000080080000009E020000008000000600008053636847726964000000000046500000496D61676573640000003000A50900000700008009000000A20200000080000008000080536368477269640000000000CE31000050726F6A6563747300006800A5090000070000800A00000052000000018000003F000080436F6E74726F6C734D0B0000E928000052656C6174696F6E736869702027464B5F50726F6A656374735F42696C6C7327206265747765656E202742696C6C732720616E64202750726F6A65637473270000002800B5010000070000800B000000310000005500000002800000436F6E74726F6C008F030000CB2E000000006C00A5090000070000800C000000520000000180000041000080436F6E74726F6C73E30B0000734B000052656C6174696F6E736869702027464B5F496D616765735F50726F6A6563747327206265747765656E202750726F6A656374732720616E642027496D616765732700000000002800B5010000070000800D000000310000005700000002800000436F6E74726F6C73290E00008E4E000000003000A5090000070000800E000000A202000000800000080000805363684772696400364200005C2B0000536572766963657300007400A5090000070000800F0000005A000000018000004B000080436F6E74726F6C73593C00008927000052656C6174696F6E736869702027464B5F42696C6C44657461696C735F536572766963657327206265747765656E202753657276696365732720616E64202742696C6C44657461696C73270000002800B50100000700008010000000310000006100000002800000436F6E74726F6C73994700000227000000006C00A50900000700008011000000520000000180000043000080436F6E74726F6C73DB4F0000113B000052656C6174696F6E736869702027464B5F53657276696365735F446F6D61696E7327206265747765656E2027446F6D61696E732720616E6420275365727669636573270000002800B50100000700008012000000310000005900000002800000436F6E74726F6C73215200008B3E000000003000A509000007000080130000009C020000008000000500008053636847726964736621000040380000557365727369647300006400A509000007000080140000006A0000000180000039000080436F6E74726F6C735D1A0000C725000052656C6174696F6E736869702027464B5F42696C6C735F557365727327206265747765656E202755736572732720616E64202742696C6C732700000000002800B50100000700008015000000310000004F00000002800000436F6E74726F6C008E2100000733000000006800A5090000070000801600000052000000018000003F000080436F6E74726F6C005D1A0000D537000052656C6174696F6E736869702027464B5F50726F6A656374735F557365727327206265747765656E202755736572732720616E64202750726F6A65637473270000002800B50100000700008017000000310000005500000002800000436F6E74726F6C739B1900006A37000000002C00A509000007000080180000009802000000800000030000805363684772696473364200009E52000046415147000000000000000000000000000000000000000000000000000000000000000000000000000000000000000000000000000000000000000000000100FEFF030A0000FFFFFFFF00000000000000000000000000000000170000004D6963726F736F66742044445320466F726D20322E300010000000456D626564646564204F626A6563740000000000F439B2710000000000000000000000000000000000000000000000000000000000000000000000000000000000000000002143341208000000891B0000280C0000785634120700000014010000410064006D0069006E0000001F0953F9FFFFFFFFC0380C1930DCA6940193D32A04062D058CD76300C8074D008701000038010000E8000000F86572100D00000088010000A0216D1000004D00000000002D00000028024D003C0E4D00380E4D00A8607F1020D8630021350B77E00000000000000071010000A8F5830058350B770000780000000000E80000001600120002000000E000000000000000E8D76300251E0C7780DC63000000000000000000000078000000780000D863009211E8730000780000000000C0EC7E10A8F583000CD86300B711E873C0EC7E1020D86300C811E87300000000C0EC7E10C3A9000000000000000000000100000005000000540000002C0000002C0000002C0000003400000000000000000000000234000095150000000000002D010000070000000C000000070000001C010000880B00006C090000480300002C040000E80200003C06000048060000C003000048060000F8070000700500000000000001000000891B0000280C000000000000030000000300000002000000020000001C0100005C0D000000000000010000003A180000F405000000000000010000000100000002000000020000001C010000880B000001000000000000003A180000B903000000000000000000000000000002000000020000001C010000880B000000000000000000002B3F0000FA22000000000000000000000D00000004000000040000001C010000880B0000A40D00005808000078563412040000005400000001000000010000000B000000000000000100000002000000030000000400000005000000060000000700000008000000090000000A00000004000000640062006F00000006000000410064006D0069006E0000002143341208000000891B00001A130000785634120700000014010000420069006C006C00440065007400610069006C00730000000000000014000000020000000300000004000000040000007501000000000000140000000000000000000000010000000400000075010000430000004700000004000000000000000600000004000000750100001400000047000000010000000300000005000000E4FFFFFF750100001400000047000000000000000300000005000000E8FFFFFF7501000014000000470000000200000003000000050000000800000075010000530000005C0100000400000000000000060000000800000075010000530000005C01000001000000030000000500000000000000000000000100000005000000540000002C0000002C0000002C00000034000000000000000000000002340000D0170000000000002D010000080000000C000000070000001C010000880B00006C090000480300002C040000E80200003C06000048060000C003000048060000F8070000700500000000000001000000891B00001A13000000000000060000000600000002000000020000001C0100005C0D000000000000010000003A1800006B0A000000000000030000000300000002000000020000001C010000880B000001000000000000003A180000B903000000000000000000000000000002000000020000001C010000880B000000000000000000002B3F0000FA22000000000000000000000D00000004000000040000001C010000880B0000A40D00005808000078563412040000006000000001000000010000000B000000000000000100000002000000030000000400000005000000060000000700000008000000090000000A00000004000000640062006F0000000C000000420069006C006C00440065007400610069006C00730000002143341208000000891B00000C1A0000785634120700000014010000420069006C006C0073000000260A6D0A2A0F0A05726FA29268F2926B0A0572C924975C0A02020000C8074D0010000000004EEB73E000000008456B09040000001CD96300A091610900004D00000000000300000024024D009C0C4D00980C4D009050EB73ACD9630021350B77D80000000000000000000000A8F5830058350B770000780000000000E0000000989CD00E02000000D80000000000000074D963004298CB7206000000D4114810682530060200000068253006FE114810A8D963003D55CA7204000000FE11481001124810B0D963003E94C9720500000001124810B89D300600124810682530064FA8000000000000000000000100000005000000540000002C0000002C0000002C00000034000000000000000000000002340000831E0000000000002D0100000B0000000C000000070000001C010000880B00006C090000480300002C040000E80200003C06000048060000C003000048060000F8070000700500000000000001000000891B00000C1A000000000000090000000900000002000000020000001C0100005C0D000000000000010000003A1800003008000000000000020000000200000002000000020000001C010000880B000001000000000000003A180000B903000000000000000000000000000002000000020000001C010000880B000000000000000000002B3F0000FA22000000000000000000000D00000004000000040000001C010000880B0000A40D00005808000078563412040000005400000001000000010000000B000000000000000100000002000000030000000400000005000000060000000700000008000000090000000A00000004000000640062006F00000006000000420069006C006C007300000002000B00891B000066210000FC210000662100000000000002000000F0F0F00000000000000000000000000000000000010000000500000000000000131A0000152200005F09000053010000320000000100000200005F090000530100000200000000000500008008000080010000001500010000009001B0300100065461686F6D61140046004B005F00420069006C006C00440065007400610069006C0073005F00420069006C006C0073002143341208000000891B0000780E000078563412070000001401000044006F006D00610069006E0073000000607F7904F7975730000078001D0000002C682D053CD96300C8074D006B00000090000000E8000000F8657210080000006D000000A0216D1000004D00000000002700000028024D003C0E4D00380E4D0018954809D0D9630021350B77E00000000000000056000000A8F5830058350B770000780000000000E80000000500250002000000E00000000000000098D96300251E0C7730DE630000000000000000000000780000007800B0D963009211E873000078000000000088494D09A8F58300BCD96300B711E87388494D09D0D96300C811E8730000000088494D0933A8000000000000000000000100000005000000540000002C0000002C0000002C0000003400000000000000000000000234000095150000000000002D010000070000000C000000070000001C010000880B00006C090000480300002C040000E80200003C06000048060000C003000048060000F8070000700500000000000001000000891B0000780E000000000000040000000400000002000000020000001C0100005C0D000000000000010000003A180000F405000000000000010000000100000002000000020000001C010000880B000001000000000000003A180000B903000000000000000000000000000002000000020000001C010000880B000000000000000000002B3F0000FA22000000000000000000000D00000004000000040000001C010000880B0000A40D00005808000078563412040000005800000001000000010000000B000000000000000100000002000000030000000400000005000000060000000700000008000000090000000A00000004000000640062006F0000000800000044006F006D00610069006E00730000002143341208000000891B0000C910000078563412070000001401000046006500650064006200610063006B007300000041004D002000460049004C00450053002000280058003800360029005C004D004900430052004F0053004F00460054002000560049005300550041004C002000530054005500440049004F002000310030002E0030005C0043004F004D004D004F004E0037005C004900440045005C0043004F004D004D004F004E0045005800540045004E00530049004F004E0053005C004D004900430052004F0053004F00460054005C0045004400490054004F0052005C0065006E002D00550053005C004D006900630072006F0073006F00660074002E00530071006C00000000000000000000000100000005000000540000002C0000002C0000002C0000003400000000000000000000000234000095150000000000002D010000070000000C000000070000001C010000880B00006C090000480300002C040000E80200003C06000048060000C003000048060000F8070000700500000000000001000000891B0000C910000000000000050000000500000002000000020000001C010000680D000000000000010000003A180000F405000000000000010000000100000002000000020000001C010000880B000001000000000000003A180000B903000000000000000000000000000002000000020000001C010000880B000000000000000000002B3F0000FA22000000000000000000000D00000004000000040000001C010000880B0000A40D00005808000078563412040000005C00000001000000010000000B000000000000000100000002000000030000000400000005000000060000000700000008000000090000000A00000004000000640062006F0000000A00000046006500650064006200610063006B00730000002143341208000000891B0000780E000078563412070000001401000049006D00610067006500730000004F004700520041004D002000460049004C00450053002000280058003800360029005C004D004900430052004F0053004F00460054002000560049005300550041004C002000530054005500440049004F002000310030002E0030005C0043004F004D004D004F004E0037005C004900440045005C0043004F004D004D004F004E0045005800540045004E00530049004F004E0053005C0050004C004100540046004F0052004D005C004E00410056004900470041005400450054004F005C00310030002E0030005C0065006E005C004D006900630072006F0073006F006600000000000000000000000100000005000000540000002C0000002C0000002C0000003400000000000000000000000234000095150000000000002D010000070000000C000000070000001C010000880B00006C090000480300002C040000E80200003C06000048060000C003000048060000F8070000700500000000000001000000891B0000780E000000000000040000000400000002000000020000001C0100005C0D000000000000010000003A1800003008000000000000020000000200000002000000020000001C010000880B000001000000000000003A180000B903000000000000000000000000000002000000020000001C010000880B000000000000000000002B3F0000FA22000000000000000000000D00000004000000040000001C010000880B0000A40D00005808000078563412040000005600000001000000010000000B000000000000000100000002000000030000000400000005000000060000000700000008000000090000000A00000004000000640062006F0000000700000049006D00610067006500730000002143341208000000891B00005C1C0000785634120700000014010000500072006F006A00650063007400730000002E005200650070006F00720074005600690065007700650072002E0043006F006D006D006F006E002C002000560065007200730069006F006E003D00310031002E0030002E0030002E0030002C002000430075006C0074007500720065003D006E00650075007400720061006C002C0020005000750062006C00690063004B006500790054006F006B0065006E003D0038003900380034003500640063006400380030003800300063006300390031000000000000000000000000000000000000000000000000000000000000000000000000000000000000000000000000000000000000000100000005000000540000002C0000002C0000002C00000034000000000000000000000002340000BE200000000000002D0100000C0000000C000000070000001C010000880B00006C090000480300002C040000E80200003C06000048060000C003000048060000F8070000700500000000000001000000891B00005C1C0000000000000A0000000A00000002000000020000001C0100005C0D000000000000010000003A1800006B0A000000000000030000000300000002000000020000001C010000880B000001000000000000003A180000B903000000000000000000000000000002000000020000001C010000880B000000000000000000002B3F0000FA22000000000000000000000D00000004000000040000001C010000880B0000A40D00005808000078563412040000005A00000001000000010000000B000000000000000100000002000000030000000400000005000000060000000700000008000000090000000A00000004000000640062006F00000009000000500072006F006A006500630074007300000002000B00E40C0000A02B0000E40C0000CE3100000000000002000000F0F0F00000000000000000000000000000000000010000000B000000000000008F030000CB2E0000A60800005301000041000000010000020000A6080000530100000200000000000500008008000080010000001500010000009001B0300100065461686F6D61110046004B005F00500072006F006A0065006300740073005F00420069006C006C00730002000B007A0D00002A4E00007A0D0000465000000000000002000000F0F0F00000000000000000000000000000000000010000000D00000000000000290E00008E4E0000730A00005301000032000000010000020000730A0000530100000200000000000500008008000080010000001500010000009001B0300100065461686F6D61120046004B005F0049006D0061006700650073005F00500072006F006A0065006300740073002143341208000000881B000070120000785634120700000014010000530065007200760069006300650073000000D772BC60D772C460D772C460D772E460D772E460D772F860D772F860D772D44E7312D44E7312DC4E7312DC4E7312544D7312544D7312604D7312604D73126C4D73126C4D7312784D7312784D7312844D7312844D7312904D7312904D73129C4D73129C4D7312A84D7312A84D7312B44D7312B44D7312C04D7312C04D7312CC4D7312CC4D7312D84D7312D84D7312E44D7312E44D7312F04D7312F04D7312FC4D7312FC4D7312084E7312084E7312144E7312144E7312204E7312204E73122C4E73122C4E7312384E7312384E7312444E7312444E7312504E7312504E000000000000000000000100000005000000540000002C0000002C0000002C00000034000000000000000000000002340000D0170000000000002D010000080000000C000000070000001C010000880B00006C090000480300002C040000E80200003C06000048060000C003000048060000F8070000700500000000000001000000881B00007012000000000000060000000600000002000000020000001C0100005C0D000000000000010000003A1800003008000000000000020000000200000002000000020000001C010000880B000001000000000000003A180000B903000000000000000000000000000002000000020000001C010000880B000000000000000000002B3F0000FA22000000000000000000000D00000004000000040000001C010000880B0000A40D00005808000078563412040000005A00000001000000010000000B000000000000000100000002000000030000000400000005000000060000000700000008000000090000000A00000004000000640062006F0000000900000053006500720076006900630065007300000003000B00725100005C2B00007251000004290000853D0000042900000000000002000000F0F0F000000000000000000000000000000000000100000010000000000000009947000002270000B70B00005301000038000000010000020000B70B000053010000020000000000FFFFFF0008000080010000001500010000009001B0300100065461686F6D61170046004B005F00420069006C006C00440065007400610069006C0073005F005300650072007600690063006500730002000B00725100000A41000072510000CC3D00000000000002000000F0F0F00000000000000000000000000000000000010000001200000000000000215200008B3E0000440B0000530100003D000000010000020000440B000053010000020000000000FFFFFF0008000080010000001500010000009001B0300100065461686F6D61130046004B005F00530065007200760069006300650073005F0044006F006D00610069006E0073002143341208000000891B00000C1A00007856341207000000140100005500730065007200730000002E005700650062002E00530065007200760069006300650073002C002000560065007200730069006F006E003D0034002E0030002E0030002E0030002C002000430075006C0074007500720065003D006E00650075007400720061006C002C0020005000750062006C00690063004B006500790054006F006B0065006E003D006200300033006600350066003700660031003100640035003000610033006100000000000000000000000000000000000000000000000000000000000000000000000000000000000000000000000000000000000000000000000000000000000000000000000000000000000100000005000000540000002C0000002C0000002C00000034000000000000000000000002340000831E0000000000002D0100000B0000000C000000070000001C010000880B00006C090000480300002C040000E80200003C06000048060000C003000048060000F8070000700500000000000001000000891B00000C1A000000000000090000000900000002000000020000001C010000680D000000000000010000003A180000F405000000000000010000000100000002000000020000001C010000880B000001000000000000003A180000B903000000000000000000000000000002000000020000001C010000880B000000000000000000002B3F0000FA22000000000000000000000D00000004000000040000001C010000880B0000A40D00005808000078563412040000005400000001000000010000000B000000000000000100000002000000030000000400000005000000060000000700000008000000090000000A00000004000000640062006F0000000600000055007300650072007300000005000B0064320000403800006432000009350000821E000009350000821E000042270000891B0000422700000000000002000000F0F0F000000000000000000000000000000000000100000015000000000000008E210000073300006407000053010000340000000100000200006407000053010000020000000000FFFFFF0008000080010000001500010000009001B0300100065461686F6D610E0046004B005F00420069006C006C0073005F005500730065007200730002000B00662100006C390000891B00006C3900000000000002000000F0F0F000000000000000000000000000000000000100000017000000000000009B1900006A3700008D09000053010000300000000100000200008D09000053010000020000000000FFFFFF0008000080010000001500010000009001B0300100065461686F6D61110046004B005F00500072006F006A0065006300740073005F00550073006500720073002143341208000000491B0000060D0000785634120700000014010000460041005100000065006D002E00440072006100770069006E0067002C002000560065007200730069006F006E003D0034002E0030002E0030002E0030002C002000430075006C0074007500720065003D006E00650075007400720061006C002C0020005000750062006C00690063004B006500790054006F006B0065006E003D00620030003300660035006600370066003100310064003500300061003300610000000000000000000000000000000000000000000000000000000000000000000000000000000000000000000000000000000000000000000000000000000000000000000000000000000000000000000000000000000100000005000000540000002C0000002C0000002C000000340000000000000000000000802A0000BF150000000000002D010000070000000C000000070000001C0100003C0900008C070000480300002C040000E8020000F804000048060000C003000048060000F8070000700500000000000001000000491B0000060D000000000000030000000300000002000000020000001C010000440D00000000000001000000421400000906000000000000010000000100000002000000020000001C0100003C090000010000000000000042140000B903000000000000000000000000000002000000020000001C0100003C09000000000000000000006E3300004E23000000000000000000000D00000004000000040000001C0100003C090000EC0A0000A806000078563412040000005000000001000000010000000B000000000000000100000002000000030000000400000005000000060000000700000008000000090000000A00000004000000640062006F000000040000004600410051000000000000000000000000000000000000000000000000000000000000000000000000000000000000000000000000000000000000000000000000000000000000000000000000000000000000000000000000000000000000000000000000000000000000000000000000000000000000000000000000000000000000000000000000000000000000000000000000000000000000000000000000000000000000000000000000000000000000000000000000000000000000000000000000000000000000000000000000000000000000000000000000000000000000000000000000000000000000000000000000000000000000000000000000000000000000000000000300440064007300530074007200650061006D000000000000000000000000000000000000000000000000000000000000000000000000000000000000000000160002000300000006000000FFFFFFFF00000000000000000000000000000000000000000000000000000000000000000000000018000000FF1800000000000053006300680065006D00610020005500440056002000440065006600610075006C0074000000000000000000000000000000000000000000000000000000000026000200FFFFFFFFFFFFFFFFFFFFFFFF000000000000000000000000000000000000000000000000000000000000000000000000200000001600000000000000440053005200450046002D0053004300480045004D0041002D0043004F004E00540045004E0054005300000000000000000000000000000000000000000000002C0002010500000007000000FFFFFFFF00000000000000000000000000000000000000000000000000000000000000000000000021000000AA0300000000000053006300680065006D00610020005500440056002000440065006600610075006C007400200050006F007300740020005600360000000000000000000000000036000200FFFFFFFFFFFFFFFFFFFFFFFF0000000000000000000000000000000000000000000000000000000000000000000000003000000012000000000000000C00000073F2FFFFDA0E00000100260000007300630068005F006C006100620065006C0073005F00760069007300690062006C0065000000010000000B0000001E000000000000000000000000000000000000006400000000000000000000000000000000000000000000000000010000000100000000000000000000000000000000000000D00200000600280000004100630074006900760065005400610062006C00650056006900650077004D006F006400650000000100000008000400000031000000200000005400610062006C00650056006900650077004D006F00640065003A00300000000100000008003A00000034002C0030002C003200380034002C0030002C0032003900350032002C0031002C0032003400310032002C0035002C0031003500390036000000200000005400610062006C00650056006900650077004D006F00640065003A00310000000100000008001E00000032002C0030002C003200380034002C0030002C0033003400320030000000200000005400610062006C00650056006900650077004D006F00640065003A00320000000100000008001E00000032002C0030002C003200380034002C0030002C0032003900350032000000200000005400610062006C00650056006900650077004D006F00640065003A00330000000100000008001E00000032002C0030002C003200380034002C0030002C0032003900350032000000200000005400610062006C00650056006900650077004D006F00640065003A00340000000100000008003E00000034002C0030002C003200380034002C0030002C0032003900350032002C00310032002C0033003400390032002C00310031002C0032003100330036000000020000000200000000000000000000000000000000000000D00200000600280000004100630074006900760065005400610062006C00650056006900650077004D006F006400650000000100000008000400000031000000200000005400610062006C00650056006900650077004D006F00640065003A00300000000100000008003A00000034002C0030002C003200380034002C0030002C0032003900350032002C0031002C0032003400310032002C0035002C0031003500390036000000200000005400610062006C00650056006900650077004D006F00640065003A00310000000100000008001E00000032002C0030002C003200380034002C0030002C0033003400320030000000200000005400610062006C00650056006900650077004D006F00640065003A00320000000100000008001E00000032002C0030002C003200380034002C0030002C0032003900350032000000200000005400610062006C00650056006900650077004D006F00640065003A00330000000100000008001E00000032002C0030002C003200380034002C0030002C0032003900350032000000200000005400610062006C00650056006900650077004D006F00640065003A00340000000100000008003E00000034002C0030002C003200380034002C0030002C0032003900350032002C00310032002C0033003400390032002C00310031002C0032003100330036000000030000000300000000000000000000000000000000000000D00200000600280000004100630074006900760065005400610062006C00650056006900650077004D006F006400650000000100000008000400000031000000200000005400610062006C00650056006900650077004D006F00640065003A00300000000100000008003A00000034002C0030002C003200380034002C0030002C0032003900350032002C0031002C0032003400310032002C0035002C0031003500390036000000200000005400610062006C00650056006900650077004D006F00640065003A00310000000100000008001E00000032002C0030002C003200380034002C0030002C0033003400320030000000200000005400610062006C00650056006900650077004D006F00640065003A00320000000100000008001E00000032002C0030002C003200380034002C0030002C0032003900350032000000200000005400610062006C00650056006900650077004D006F00640065003A00330000000100000008001E00000032002C0030002C003200380034002C0030002C0032003900350032000000200000005400610062006C00650056006900650077004D006F00640065003A00340000000100000008003E00000034002C0030002C003200380034002C0030002C0032003900350032002C00310032002C0033003400390032002C00310031002C00320031003300360000000400000004000000000000003A000000014AB35701000000640062006F00000046004B005F00420069006C006C00440065007400610069006C0073005F00420069006C006C00730000000000000000000000C4020000000005000000050000000400000008000000015E5F09A85E5F090000000000000000AD070000000000060000000600000000000000000000000000000000000000D00200000600280000004100630074006900760065005400610062006C00650056006900650077004D006F006400650000000100000008000400000031000000200000005400610062006C00650056006900650077004D006F00640065003A00300000000100000008003A00000034002C0030002C003200380034002C0030002C0032003900350032002C0031002C0032003400310032002C0035002C0031003500390036000000200000005400610062006C00650056006900650077004D006F00640065003A00310000000100000008001E00000032002C0030002C003200380034002C0030002C0033003400320030000000200000005400610062006C00650056006900650077004D006F00640065003A00320000000100000008001E00000032002C0030002C003200380034002C0030002C0032003900350032000000200000005400610062006C00650056006900650077004D006F00640065003A00330000000100000008001E00000032002C0030002C003200380034002C0030002C0032003900350032000000200000005400610062006C00650056006900650077004D006F00640065003A00340000000100000008003E00000034002C0030002C003200380034002C0030002C0032003900350032002C00310032002C0033003400390032002C00310031002C0032003100330036000000070000000700000000000000000000000000000000000000D00200000600280000004100630074006900760065005400610062006C00650056006900650077004D006F006400650000000100000008000400000031000000200000005400610062006C00650056006900650077004D006F00640065003A00300000000100000008003A00000034002C0030002C003200380034002C0030002C0032003900350032002C0031002C0032003400310032002C0035002C0031003500390036000000200000005400610062006C00650056006900650077004D006F00640065003A00310000000100000008001E00000032002C0030002C003200380034002C0030002C0033003400330032000000200000005400610062006C00650056006900650077004D006F00640065003A00320000000100000008001E00000032002C0030002C003200380034002C0030002C0032003900350032000000200000005400610062006C00650056006900650077004D006F00640065003A00330000000100000008001E00000032002C0030002C003200380034002C0030002C0032003900350032000000200000005400610062006C00650056006900650077004D006F00640065003A00340000000100000008003E00000034002C0030002C003200380034002C0030002C0032003900350032002C00310032002C0033003400390032002C00310031002C0032003100330036000000080000000800000000000000000000000000000000000000D00200000600280000004100630074006900760065005400610062006C00650056006900650077004D006F006400650000000100000008000400000031000000200000005400610062006C00650056006900650077004D006F00640065003A00300000000100000008003A00000034002C0030002C003200380034002C0030002C0032003900350032002C0031002C0032003400310032002C0035002C0031003500390036000000200000005400610062006C00650056006900650077004D006F00640065003A00310000000100000008001E00000032002C0030002C003200380034002C0030002C0033003400320030000000200000005400610062006C00650056006900650077004D006F00640065003A00320000000100000008001E00000032002C0030002C003200380034002C0030002C0032003900350032000000200000005400610062006C00650056006900650077004D006F00640065003A00330000000100000008001E00000032002C0030002C003200380034002C0030002C0032003900350032000000200000005400610062006C00650056006900650077004D006F00640065003A00340000000100000008003E00000034002C0030002C003200380034002C0030002C0032003900350032002C00310032002C0033003400390032002C00310031002C0032003100330036000000090000000900000000000000000000000000000000000000D00200000600280000004100630074006900760065005400610062006C00650056006900650077004D006F006400650000000100000008000400000031000000200000005400610062006C00650056006900650077004D006F00640065003A00300000000100000008003A00000034002C0030002C003200380034002C0030002C0032003900350032002C0031002C0032003400310032002C0035002C0031003500390036000000200000005400610062006C00650056006900650077004D006F00640065003A00310000000100000008001E00000032002C0030002C003200380034002C0030002C0033003400320030000000200000005400610062006C00650056006900650077004D006F00640065003A00320000000100000008001E00000032002C0030002C003200380034002C0030002C0032003900350032000000200000005400610062006C00650056006900650077004D006F00640065003A00330000000100000008001E00000032002C0030002C003200380034002C0030002C0032003900350032000000200000005400610062006C00650056006900650077004D006F00640065003A00340000000100000008003E00000034002C0030002C003200380034002C0030002C0032003900350032002C00310032002C0033003400390032002C00310031002C00320031003300360000000A0000000A00000000000000340000000100000001000000640062006F00000046004B005F00500072006F006A0065006300740073005F00420069006C006C00730000000000000000000000C402000000000B0000000B0000000A00000008000000015D5F09285D5F090000000000000000AD0700000000000C0000000C00000000000000360000000100000001000000640062006F00000046004B005F0049006D0061006700650073005F00500072006F006A00650063007400730000000000000000000000C402000000000D0000000D0000000C0000000800000001615F0928615F090000000000000000AD0700000000000E0000000E00000000000000000000000000000000000000D00200000600280000004100630074006900760065005400610062006C00650056006900650077004D006F006400650000000100000008000400000031000000200000005400610062006C00650056006900650077004D006F00640065003A00300000000100000008003A00000034002C0030002C003200380034002C0030002C0032003900350032002C0031002C0032003400310032002C0035002C0031003500390036000000200000005400610062006C00650056006900650077004D006F00640065003A00310000000100000008001E00000032002C0030002C003200380034002C0030002C0033003400320030000000200000005400610062006C00650056006900650077004D006F00640065003A00320000000100000008001E00000032002C0030002C003200380034002C0030002C0032003900350032000000200000005400610062006C00650056006900650077004D006F00640065003A00330000000100000008001E00000032002C0030002C003200380034002C0030002C0032003900350032000000200000005400610062006C00650056006900650077004D006F00640065003A00340000000100000008003E00000034002C0030002C003200380034002C0030002C0032003900350032002C00310032002C0033003400390032002C00310031002C00320031003300360000000F0000000F0000000000000040000000014AB35701000000640062006F00000046004B005F00420069006C006C00440065007400610069006C0073005F005300650072007600690063006500730000000000000000000000C4020000000010000000100000000F0000000800000001605F0968605F090000000000000000AD070000000000110000001100000000000000380000000100000001000000640062006F00000046004B005F00530065007200760069006300650073005F0044006F006D00610069006E00730000000000000000000000C402000000001200000012000000110000000800000001605F0928605F090000000000000000AD070000000000130000001300000000000000000000000000000000000000D00200000600280000004100630074006900760065005400610062006C00650056006900650077004D006F006400650000000100000008000400000031000000200000005400610062006C00650056006900650077004D006F00640065003A00300000000100000008003A00000034002C0030002C003200380034002C0030002C0032003900350032002C0031002C0032003400310032002C0035002C0031003500390036000000200000005400610062006C00650056006900650077004D006F00640065003A00310000000100000008001E00000032002C0030002C003200380034002C0030002C0033003400330032000000200000005400610062006C00650056006900650077004D006F00640065003A00320000000100000008001E00000032002C0030002C003200380034002C0030002C0032003900350032000000200000005400610062006C00650056006900650077004D006F00640065003A00330000000100000008001E00000032002C0030002C003200380034002C0030002C0032003900350032000000200000005400610062006C00650056006900650077004D006F00640065003A00340000000100000008003E00000034002C0030002C003200380034002C0030002C0032003900350032002C00310032002C0033003400390032002C00310031002C00320031003300360000001400000014000000000000002E00000001D6465D01000000640062006F00000046004B005F00420069006C006C0073005F005500730065007200730000000000000000000000C4020000000015000000150000001400000008000000015C5F09285C5F090000000000000000AD070000000000160000001600000000000000340000000100000001000000640062006F00000046004B005F00500072006F006A0065006300740073005F005500730065007200730000000000000000000000C4020000000017000000170000001600000008000000015F5F09E85F5F090000000000000000AD070000000000180000001800000000000000000000000000000000000000D00200000600280000004100630074006900760065005400610062006C00650056006900650077004D006F006400650000000100000008000400000031000000200000005400610062006C00650056006900650077004D006F00640065003A00300000000100000008003A00000034002C0030002C003200380034002C0030002C0032003300360034002C0031002C0031003900330032002C0035002C0031003200370032000000200000005400610062006C00650056006900650077004D006F00640065003A00310000000100000008001E00000032002C0030002C003200380034002C0030002C0033003300390036000000200000005400610062006C00650056006900650077004D006F00640065003A00320000000100000008001E00000032002C0030002C003200380034002C0030002C0032003300360034000000200000005400610062006C00650056006900650077004D006F00640065003A00330000000100000008001E00000032002C0030002C003200380034002C0030002C0032003300360034000000200000005400610062006C00650056006900650077004D006F00640065003A00340000000100000008003E00000034002C0030002C003200380034002C0030002C0032003300360034002C00310032002C0032003700390036002C00310031002C003100370030003400000023000000040000000300000002000000910000005C0000000A00000003000000090000002B0000002A00000011000000060000000E00000032000000330000000C00000009000000080000002D0000002C0000000F0000000E00000002000000320000007700000014000000130000000300000038000000A50000001600000013000000090000005E000000750000000000000000000000000000000000000000000000000000000000000000000000000000000000000000000000000000000000000000000000000000000000000000000000000000000000000000000000000000000000000000000000000000000000000000000000000000000000000000000000000000000000000000000000000000000000000000000000000000000000000000000000000000000000000000000000000000000000000000000000000000000000000000000000000000000000000000000000000000000000000000000000000000000000000000000000000000000000000000000000000000000000000000000000000000000000000000010003000000000000000C0000000B0000004E61BC00000000000000000000000000000000000000000000000000000000000000000000000000000000000000DBE6B0E91C81D011AD5100A0C90F57390000020080E63ADD9108D1010202000010484500000000000000000000000000000000008C0100004400610074006100200053006F0075007200630065003D004B00480041004E0048005400520049004E0048003B0049006E0069007400690061006C00200043006100740061006C006F0067003D0041006C006C007500720069006E0067004400650063006F00720073003B005000650072007300690073007400200053006500630075007200690074007900200049006E0066006F003D0054007200750065003B0055007300650072002000490044003D00730061003B004D0075006C007400690070006C00650041006300740069007600650052006500730075006C00740053006500740073003D00460061006C00730065003B005000610063006B00650074002000530069007A0065003D0034003000390036003B004100700070006C00690063006100740069006F006E0020004E0061006D0065003D0022004D006900630072006F0073006F00660074002000530051004C00200053006500720076006500720020004D0061006E006100670065006D0065006E0074002000530074007500640069006F00220000000080050014000000500072006F006A00650063007400200034000000000226000C00000055007300650072007300000008000000640062006F000000000226001200000053006500720076006900630065007300000008000000640062006F0000000002260012000000500072006F006A006500630074007300000008000000640062006F000000000226000E00000049006D006100670065007300000008000000640062006F000000000226001400000046006500650064006200610063006B007300000008000000640062006F000000000226001000000044006F006D00610069006E007300000008000000640062006F000000000226000C000000420069006C006C007300000008000000640062006F0000000002260018000000420069006C006C00440065007400610069006C007300000008000000640062006F000000000226000C000000410064006D0069006E00000008000000640062006F0000000002240008000000460041005100000008000000640062006F00000001000000D68509B3BB6BF2459AB8371664F0327008004E0000007B00310036003300340043004400440037002D0030003800380038002D0034003200450033002D0039004600410032002D004200360044003300320035003600330042003900310044007D00000000000000000000000000000000000000000000000000010003000000000000000C0000000B000000000000000000000000000000000000000000000000000000000000000000000000000000000000000000000000000000000000000000000000000000000000000000000000000000000000000000000000000000000000000000000000000000000000000000000000000000000000000000000000000000000000000000000000000000000000000000000000000000000000000000000000000000000000000000000000000000000000000000000000000000000000000000000000000000000000000000000000000000000000000000000000000000000000000000000000000000000000000000000000000000000000000000000000000000000000000000000000000000000000000000000000000000000000000000000000000000000000000000000000000000000000000000000000000000000000000000000000000000000000000000000000000000000000000000000000000000000000000000000000000000000000000000000000000000000000000000000000000000000000000000000000000000000000000000000000000000000000000000000000000000000000000000000000000000000000000000000000000000000000000000000000000000000000000000000000000000000000000000000000000000000000000000000000000000000062885214)
GO
GO
SET IDENTITY_INSERT [dbo].[sysdiagrams] OFF
GO

-- ----------------------------
-- Table structure for Users
-- ----------------------------
--DROP TABLE [dbo].[Users]
GO
CREATE TABLE [dbo].[Users] (
[UserID] int NOT NULL IDENTITY(1,1) ,
[Username] varchar(30) NOT NULL ,
[Password] varchar(30) NOT NULL ,
[Fullname] nvarchar(60) NULL ,
[Address] nvarchar(150) NULL ,
[Gender] bit NULL ,
[Phone] varchar(11) NULL ,
[Status] bit NULL ,
[Email] varchar(100) NOT NULL 
)


GO
DBCC CHECKIDENT(N'[dbo].[Users]', RESEED, 3)
GO

-- ----------------------------
-- Records of Users
-- ----------------------------
SET IDENTITY_INSERT [dbo].[Users] ON
GO
INSERT INTO [dbo].[Users] ([UserID], [Username], [Password], [Fullname], [Address], [Gender], [Phone], [Status], [Email]) VALUES (N'1', N'DucAnh', N'123456', N'Le Duc Anh', N'Thanh Pho Ho Chi Minh', null, N'1234567890', N'1', N'DucAnh@gmail.com')
GO
GO
INSERT INTO [dbo].[Users] ([UserID], [Username], [Password], [Fullname], [Address], [Gender], [Phone], [Status], [Email]) VALUES (N'2', N'ChiDat', N'123456', N'Lê Chí Đạt', N'Thành phố Hồ Chí Minh', null, N'01685000113', N'1', N'ChiDat@gmail.com')
GO
GO
INSERT INTO [dbo].[Users] ([UserID], [Username], [Password], [Fullname], [Address], [Gender], [Phone], [Status], [Email]) VALUES (N'3', N'TienThai', N'123456', N'Ngo Tien Thai', N'Thanh Pho Ho Chi Minh', null, N'0969777529', N'1', N'TienThai@gmail.com')
GO
GO
SET IDENTITY_INSERT [dbo].[Users] OFF
GO

-- ----------------------------
-- Indexes structure for table Admin
-- ----------------------------

-- ----------------------------
-- Primary Key structure for table Admin
-- ----------------------------
ALTER TABLE [dbo].[Admin] ADD PRIMARY KEY ([AdminID])
GO

-- ----------------------------
-- Indexes structure for table BillDetails
-- ----------------------------

-- ----------------------------
-- Primary Key structure for table BillDetails
-- ----------------------------
ALTER TABLE [dbo].[BillDetails] ADD PRIMARY KEY ([DetailID])
GO

-- ----------------------------
-- Indexes structure for table Bills
-- ----------------------------

-- ----------------------------
-- Primary Key structure for table Bills
-- ----------------------------
ALTER TABLE [dbo].[Bills] ADD PRIMARY KEY ([BillID])
GO

-- ----------------------------
-- Indexes structure for table Domains
-- ----------------------------

-- ----------------------------
-- Primary Key structure for table Domains
-- ----------------------------
ALTER TABLE [dbo].[Domains] ADD PRIMARY KEY ([DomainID])
GO

-- ----------------------------
-- Indexes structure for table FAQ
-- ----------------------------

-- ----------------------------
-- Primary Key structure for table FAQ
-- ----------------------------
ALTER TABLE [dbo].[FAQ] ADD PRIMARY KEY ([ID])
GO

-- ----------------------------
-- Indexes structure for table Feedbacks
-- ----------------------------

-- ----------------------------
-- Primary Key structure for table Feedbacks
-- ----------------------------
ALTER TABLE [dbo].[Feedbacks] ADD PRIMARY KEY ([FeedbackID])
GO

-- ----------------------------
-- Indexes structure for table Images
-- ----------------------------

-- ----------------------------
-- Primary Key structure for table Images
-- ----------------------------
ALTER TABLE [dbo].[Images] ADD PRIMARY KEY ([ImageID])
GO

-- ----------------------------
-- Indexes structure for table Projects
-- ----------------------------

-- ----------------------------
-- Primary Key structure for table Projects
-- ----------------------------
ALTER TABLE [dbo].[Projects] ADD PRIMARY KEY ([ProjectID])
GO

-- ----------------------------
-- Indexes structure for table Services
-- ----------------------------

-- ----------------------------
-- Primary Key structure for table Services
-- ----------------------------
ALTER TABLE [dbo].[Services] ADD PRIMARY KEY ([ServiceID])
GO

-- ----------------------------
-- Indexes structure for table sysdiagrams
-- ----------------------------

-- ----------------------------
-- Primary Key structure for table sysdiagrams
-- ----------------------------
ALTER TABLE [dbo].[sysdiagrams] ADD PRIMARY KEY ([diagram_id])
GO

-- ----------------------------
-- Uniques structure for table sysdiagrams
-- ----------------------------
ALTER TABLE [dbo].[sysdiagrams] ADD UNIQUE ([principal_id] ASC, [name] ASC)
GO

-- ----------------------------
-- Indexes structure for table Users
-- ----------------------------

-- ----------------------------
-- Primary Key structure for table Users
-- ----------------------------
ALTER TABLE [dbo].[Users] ADD PRIMARY KEY ([UserID])
GO

-- ----------------------------
-- Foreign Key structure for table [dbo].[BillDetails]
-- ----------------------------
ALTER TABLE [dbo].[BillDetails] ADD FOREIGN KEY ([BillID]) REFERENCES [dbo].[Bills] ([BillID]) ON DELETE NO ACTION ON UPDATE NO ACTION
GO
ALTER TABLE [dbo].[BillDetails] ADD FOREIGN KEY ([ServiceID]) REFERENCES [dbo].[Services] ([ServiceID]) ON DELETE NO ACTION ON UPDATE NO ACTION
GO

-- ----------------------------
-- Foreign Key structure for table [dbo].[Bills]
-- ----------------------------
ALTER TABLE [dbo].[Bills] ADD FOREIGN KEY ([UserID]) REFERENCES [dbo].[Users] ([UserID]) ON DELETE NO ACTION ON UPDATE NO ACTION
GO

-- ----------------------------
-- Foreign Key structure for table [dbo].[Images]
-- ----------------------------
ALTER TABLE [dbo].[Images] ADD FOREIGN KEY ([ProjectID]) REFERENCES [dbo].[Projects] ([ProjectID]) ON DELETE NO ACTION ON UPDATE NO ACTION
GO

-- ----------------------------
-- Foreign Key structure for table [dbo].[Projects]
-- ----------------------------
ALTER TABLE [dbo].[Projects] ADD FOREIGN KEY ([BillID]) REFERENCES [dbo].[Bills] ([BillID]) ON DELETE NO ACTION ON UPDATE NO ACTION
GO
ALTER TABLE [dbo].[Projects] ADD FOREIGN KEY ([UserID]) REFERENCES [dbo].[Users] ([UserID]) ON DELETE NO ACTION ON UPDATE NO ACTION
GO

-- ----------------------------
-- Foreign Key structure for table [dbo].[Services]
-- ----------------------------
ALTER TABLE [dbo].[Services] ADD FOREIGN KEY ([DomainID]) REFERENCES [dbo].[Domains] ([DomainID]) ON DELETE NO ACTION ON UPDATE NO ACTION
GO
